8788290235141,Subway Liquors II,14631,abelardo94@aol.com
8788290378218,Absolute Speed and Marine LLC,25028,absolutehavasu@gmail.com
8788290344845,Hotel Gansevoort,14631,accounting@hotelgansevoort.com
8788290344849,Asellina Restaurant,14631,accounting@hotelgansevoort.com
8788290344874,Gansevoort Park Avenue NYC,14631,accounting@hotelgansevoort.com
8788290344875,The Windsor,14631,accounting@hotelgansevoort.com
8788290338763,All Occasion Limousine,19207,Alll32@verizon.net
8788290375701,penfactory.com,25028,angel@penfactory.com
8788290373338,Ciao Bella Napoli,14631,auroralamarca@yahoo.com
8788290371705,Carmindy & Co,14631,awei@indeedlabs.com
8788290369271,Barbizon of Red Bank LLC,26033,barbrb@optline.net
8788290359329,Teqa,25028,Barkingdog94@yahoo.com
8788290268693,Ken's Automotive,19207,bestkauto@embarqmail.com
8788290363182,Blooms Tavern,25028,bloomstavern@gmail.com
8788290238448,Blossom Nails,14631,blossomnail74@gmail.com
8788290346511,DashCrowd,14631,bob@dashcrowd.com
8788290375336,Boun's Orient Seafood,27550,Bokdee@yahoo.com
8788290374487,DIVE,14631,christinadiiorio@aol.com
8788290253660,Creative R Us,14631,cpvstudio@yahoo.com
8788290359071,Sakara Life,14631,"danielle@sakaralife.com,Mariam@sakaralife.com"
8788290379087,Gold & Meyer's Gourmet Deli and Bagelry,14631,dannydpc241@gmail.com
8788290283501,Delivery.com,14631,dferreira@delivery.com
8788290338353,STK Miami,14631,dgarretson@togrp.com
8788290338355,STK Miami Services,14631,dgarretson@togrp.com
8788290338357,STK LA,14631,dgarretson@togrp.com
8788290338366,Bagatelle Los Angeles,14631,dgarretson@togrp.com
8788290338369,STK NY Downtown Rooftop,14631,dgarretson@togrp.com
8788290365067,STK DC,14631,dgarretson@togrp.com
8788290380090,STK Westwood,14631,dgarretson@togrp.com
8788290380241,STK Westwood,14631,dgarretson@togrp.com
8788290377628,Piatsa Kalamaki,25028,dimmagna@aol.com
8788290283735,The Downtown,14631,DLynchNJ@gmail.com
8788290233415,Domenico's,14631,Domenicos5223@yahoo.com
8788290387917,"William J. Focazio, MD PA",14631,drfocazio@optonline.net
8788290387918,Endosurgical Center of North Jersey,14631,drfocazio@optonline.net
8788290382477,Vaporzone Coral Gables,25028,dteoli@my.vaporfi.com
8788290382479,Vaporzone Brickell,25028,dteoli@my.vaporfi.com
8788290367342,Downtown Dental Benicia,25028,ejackallen@aol.com
8788290377853,TenGems,14631,eric@tengems.com
8788290355859,Toro,14631,erna@midmor.com
8788290232065,Mai Nails,14631,Franklin2dover@yahoo.com
8788290380885,Bogota Latin Bistro,14631,george@bogotabistro.com
8788290251650,Granny's Place,14631,grannys9636@live.com
8788290319099,Kim's Beauty and Fashion ,14631,gykim85@ymail.com
8788290341260,Khai Khai Jewelry,14631,Haim@khaikhaijewelry.com
8788290281221,Accent Pet Styling,19207,info@accentpetstyling.com
8788290363090,Bliss Lau,14631,info@blisslau.com
8788290335440,Trattoria Dopo Teatro,22718,"info@dopoteatro.com,pino.manica@gmail.com"
8788290227632,Johnson Automotive,14631,j.autogirls@gmail.com
8788290325943,Van Gogh Moving & Storage,14631,James@vangoghmoving.com
8788290325945,Van Gogh Storage,14631,James@vangoghmoving.com
8788290257447,Akar 5 Automotive Inc,14631,Jesseakar@yahoo.com
8788290225843,Daytona Auto Repair,14631,Joe@iska.us
8788290382364,Rohrbach Brewing Company,14631,john@rohrbachs.com
8788290179978,Parties By Pat,14631,jose@partiesbypat.com
8788290354716,iknowthewinemaker.com,14631,joshua@iknowthewinemaker.com
8788290329343,Ritani.com,14631,jrm@ritani.com
8788290335841,I Know The Chef,14631,Jstern@iknowthechef.com
8788290329008,Karner Auto Service,14631,karnerauto@yahoo.com
8788290316777,Cocco's Pizza of Linwood,14631,keywest995@aol.com
8788290220817,Mix Lounge & Food Bar,14631,kmbienz@msn.com
8788290389501,The Greek House Restaurant,14631,Kmohamed@us.ibm.com
8788290251061,Clinton Street Bed & Breakfast,14631,krabun@gmail.com
8788290370245,La Carreta,25028,lacarreta545@hotmail.com
8788290345617,Chilangos,19207,leocervantes@hotmail.com
8788292034277,Chilangos,14631,leocervantes@hotmail.com
8788290218336,Affordable Auto & Tire Services,14631,Lou137@aol.com
8788290163758,Madison Repair,14631,madisonrepairs@gmail.com
8788290352402,Faces & Names,14631,manager@facesandnames.com
8788290164027,Mandel Tobacco,14631,mandeltob@kewnet.com
8788290386016,Healthcare Assoc In,14631,maryalice@hca-si.com
8788290385482,LaCipollina,14631,MattHiggins@Lacipollina.com
8788290217699,Me and Z's,14631,meandzgroverbeach@gmail.com
8788290315132,R M Tubb DDS,19207,Mike.Tubb.DDS@gmail.com
8788290366571,Navesink Fitness,26033,mknox49@verizon.net
8788290232806,The Auto Spa,14631,Monty7210@aol.com
8788290388853,Church Street Tavern,14631,nicole.jimenez@kccsec.com
8788290381709,Church Street Tavern,14631,"nicole.jimenez@kccsec.com,nicolej@tributehospitalitygrp.com"
8788290361887,Two Rivers Animal Hospital,26033,pethealth@tworiversanimalhospital.com
8788290376709,Jil Sander,25028,Rbucciol@onwardluxurygroup.com
8788290386552,Jil Sander,25028,rbucciol@onwardluxurygroup.com
8788290386553,Jil Sander,25028,rbucciol@onwardluxurygroup.com
8788290386554,Jil Sander,25028,rbucciol@onwardluxurygroup.com
8788290389154,Sally Hershberger Professional Hair Care,14631,RChong@sallyhershberger.com
8788290239406,Catfish Floyd's,14631,rdstoneham@sbcglobal.net
8788290315490,Rerunzzz LLC,19207,rerunzzz@yahoo.com
8788290237487,Rick's Reliable Transmission,14631,rickstrans@volfirst.net
8788290237255,American Athletic Uniforms,14631,rnoel@aauusa.com
8788290172165,Lerman Diagnostic Imaging,14631,robc@lermandiagnostic.com
8788290385424,Miti Miti Taperia,14631,robinson@mghospitalitygroup.com
8788290377167,VaporFi,25028,rodneymma@gmail.com
8788290332934,I Am Eco Warrior,14631,roger@iamecowarrior.com
8788290316188,Mustard Pie,14631,scott@mustardpieclothing.com
8788290280140,Yardbirds,19207,Shamekat2003@yahoo.com
8788290216764,Sheffield Automotive Repair,14631,sheffieldautomacon@hotmail.com
8788290370833,Sicilia Cafe,26033,siciliacafe@aol.com
8788290230106,Star Martial Arts,14631,smagainesville@yahoo.com
8788290257015,Stephen's Chalet,14631,steve@stephenschalet.com
8788290383279,The Vape Store Inc.,25028,support@Thevapestoreonline.com
8788290366126,IL Caffe,25028,Tal@resette.com
8788290167125,Innovative Computer Solutions,14631,tony@winepos.com
8788290267970,Sullivan Auto and Tire,14631,Tyler_Sullivan84@hotmail.com
8788290255506,Uncle Vinnie's Comedy Club,14631,unclevinnies@aol.com
8788290255649,Uncle Vinnie's Comedy Club,14631,unclevinnies@aol.com
8788290376587,Vagabond Kitchen & Tap House,27550,vagabondac@hotmail.com
8788290383308,Vagabond Kitchen & Tap House,27550,vagabondac@hotmail.com
8788290379918,Vaporfi-UCF,25028,wsluman@my.vaporfi.com
8788290360085,Philippe Chow,25028,yolanda@philippela.com